{"alpha": [0.20000000298023224, 0.20000000298023224, 0.20000000298023224, 0.20000000298023224, 0.20000000298023224], "tw": [{"words": ["studi", "plant", "pathogen", "use", "may", "fungicid", "effect", "result", "appl", "resist", "cell", "soil", "mutat", "organ", "ssr", "dna", "increas", "stress", "condit", "present", "induc", "sever", "subleth", "develop", "control", "diseas", "report", "damag", "caus", "rate", "activ", "microbi", "level", "observ", "popul", "fungal", "low", "applic", "affect", "human", "process", "respons", "one", "can", "analysi", "isol", "differ", "specif", "sclerotiorum", "oxid"], "weights": [0.01, 0.01, 0.01, 0.009, 0.009, 0.007, 0.007, 0.007, 0.007, 0.006, 0.006, 0.006, 0.006, 0.006, 0.005, 0.005, 0.004, 0.004, 0.004, 0.004, 0.004, 0.004, 0.004, 0.004, 0.004, 0.004, 0.004, 0.004, 0.004, 0.004, 0.004, 0.003, 0.003, 0.003, 0.003, 0.003, 0.003, 0.003, 0.003, 0.003, 0.003, 0.003, 0.003, 0.003, 0.003, 0.003, 0.003, 0.003, 0.003, 0.003]}, {"words": ["isol", "group", "name", "allel", "expos", "case", "analysi", "mutat", "use", "show", "speci", "type", "genom", "fungicid", "project", "genera", "genotyp", "studi", "distinct", "gener", "cost", "one", "also", "control", "repres", "number", "rna2", "includ", "scale", "loci", "gdp", "aflp", "can", "cluster", "methyl", "caus", "averag", "respect", "gene", "phenotyp", "asexu", "approach", "present", "variat", "particular", "base", "total", "result", "mani", "length"], "weights": [0.013, 0.013, 0.011, 0.011, 0.009, 0.009, 0.008, 0.008, 0.008, 0.008, 0.008, 0.007, 0.007, 0.007, 0.006, 0.006, 0.006, 0.006, 0.006, 0.006, 0.006, 0.006, 0.005, 0.005, 0.005, 0.005, 0.004, 0.004, 0.004, 0.004, 0.004, 0.004, 0.004, 0.004, 0.004, 0.004, 0.004, 0.004, 0.004, 0.004, 0.004, 0.004, 0.004, 0.004, 0.004, 0.004, 0.004, 0.004, 0.003, 0.003]}, {"words": ["sequenc", "detect", "studi", "ilarviru", "viru", "speci", "use", "amplicon", "popul", "ng", "gener", "sampl", "isol", "water", "pcr", "cva", "tree", "differ", "genom", "divers", "bacteri", "also", "region", "spring", "identifi", "specif", "approach", "infect", "dna", "demonstr", "prunu", "may", "pathogen", "non", "like", "rna", "properti", "comano", "provid", "analysi", "base", "strain", "two", "plant", "pnrsv", "three", "cherri", "molecular", "within", "skin"], "weights": [0.021, 0.014, 0.013, 0.012, 0.012, 0.01, 0.01, 0.01, 0.01, 0.009, 0.009, 0.008, 0.008, 0.008, 0.008, 0.008, 0.007, 0.007, 0.006, 0.006, 0.006, 0.006, 0.006, 0.006, 0.006, 0.006, 0.006, 0.005, 0.005, 0.005, 0.005, 0.005, 0.005, 0.005, 0.005, 0.005, 0.005, 0.005, 0.004, 0.004, 0.004, 0.004, 0.004, 0.004, 0.003, 0.003, 0.003, 0.003, 0.003, 0.003]}, {"words": ["two", "soil", "otu", "yield", "haplotyp", "declin", "histor", "financ", "growth", "includ", "found", "project", "long", "run", "site", "cash", "time", "fungal", "firm", "differ", "organis", "abund", "outlay", "institut", "sampl", "first", "sinc", "access", "genu", "review", "bacteri", "plant", "larg", "individu", "non", "particular", "unit", "new", "also", "speci", "exampl", "ssr", "locu", "four", "result", "allow", "insight", "strawberri", "genera", "one"], "weights": [0.012, 0.01, 0.01, 0.01, 0.009, 0.009, 0.009, 0.009, 0.008, 0.007, 0.007, 0.007, 0.007, 0.007, 0.007, 0.006, 0.006, 0.006, 0.006, 0.006, 0.006, 0.006, 0.006, 0.005, 0.005, 0.005, 0.005, 0.005, 0.005, 0.005, 0.004, 0.004, 0.004, 0.004, 0.004, 0.004, 0.004, 0.003, 0.003, 0.003, 0.003, 0.003, 0.003, 0.003, 0.003, 0.003, 0.003, 0.003, 0.003, 0.003]}, {"words": ["appl", "fruit", "genet", "pear", "speci", "gene", "cultiv", "import", "cultivar", "access", "wild", "plant", "local", "genotyp", "varieti", "use", "studi", "includ", "genom", "marker", "germplasm", "cell", "product", "tree", "two", "collect", "regul", "relationship", "structur", "crop", "one", "express", "present", "pyru", "european", "molecular", "famili", "breed", "econom", "associ", "base", "improv", "develop", "high", "wide", "phylogenet", "transcript", "protein", "result", "analysi"], "weights": [0.016, 0.014, 0.014, 0.014, 0.012, 0.011, 0.01, 0.008, 0.008, 0.008, 0.007, 0.007, 0.006, 0.006, 0.006, 0.005, 0.005, 0.005, 0.005, 0.005, 0.005, 0.005, 0.005, 0.005, 0.005, 0.004, 0.004, 0.004, 0.004, 0.004, 0.004, 0.004, 0.004, 0.004, 0.004, 0.004, 0.004, 0.004, 0.004, 0.004, 0.003, 0.003, 0.003, 0.003, 0.003, 0.003, 0.003, 0.003, 0.003, 0.003]}]}