{"alpha": [0.20000000298023224, 0.20000000298023224, 0.20000000298023224, 0.20000000298023224, 0.20000000298023224], "tw": [{"words": ["fruit", "pineappl", "plant", "use", "studi", "wound", "qualiti", "materi", "genom", "product", "type", "develop", "differ", "flower", "can", "result", "time", "induct", "ulcer", "organ", "heal", "marker", "sequenc", "crop", "effect", "weight", "tropic", "produc", "risk", "may", "also", "natur", "assess", "base", "harvest", "show", "three", "compar", "includ", "pesticid", "increas", "found", "high", "practic", "speci", "two", "tissu", "reduc", "farmer", "system"], "weights": [0.014, 0.012, 0.01, 0.01, 0.007, 0.006, 0.005, 0.005, 0.005, 0.004, 0.004, 0.004, 0.004, 0.004, 0.004, 0.004, 0.004, 0.004, 0.004, 0.004, 0.003, 0.003, 0.003, 0.003, 0.003, 0.003, 0.003, 0.003, 0.003, 0.003, 0.003, 0.003, 0.003, 0.003, 0.003, 0.003, 0.003, 0.003, 0.003, 0.002, 0.002, 0.002, 0.002, 0.002, 0.002, 0.002, 0.002, 0.002, 0.002, 0.002]}, {"words": ["gene", "studi", "plant", "strain", "pineappl", "express", "differ", "speci", "genom", "use", "flower", "learn", "cell", "effect", "identifi", "fruit", "ananati", "develop", "pathogen", "like", "analysi", "activ", "import", "product", "sequenc", "result", "increas", "function", "regul", "show", "can", "genet", "model", "may", "leav", "two", "isol", "high", "mirna", "induc", "report", "acid", "respons", "role", "found", "potenti", "protein", "bromelain", "interact", "also"], "weights": [0.011, 0.008, 0.008, 0.007, 0.007, 0.007, 0.006, 0.005, 0.005, 0.005, 0.004, 0.004, 0.004, 0.004, 0.004, 0.004, 0.004, 0.004, 0.004, 0.004, 0.003, 0.003, 0.003, 0.003, 0.003, 0.003, 0.003, 0.003, 0.003, 0.003, 0.003, 0.003, 0.003, 0.003, 0.003, 0.003, 0.003, 0.003, 0.003, 0.003, 0.003, 0.003, 0.003, 0.003, 0.003, 0.003, 0.003, 0.002, 0.002, 0.002]}, {"words": ["pineappl", "bromelain", "studi", "use", "can", "effect", "group", "control", "result", "activ", "lip", "differ", "work", "trap", "juic", "method", "increas", "found", "abil", "plant", "extract", "system", "product", "drug", "treatment", "fli", "avocado", "protein", "also", "root", "fruit", "collect", "fish", "potenti", "two", "day", "inflamm", "time", "number", "enzym", "includ", "show", "bnc", "properti", "impact", "concentr", "dose", "decreas", "highest", "score"], "weights": [0.013, 0.009, 0.009, 0.008, 0.006, 0.006, 0.005, 0.005, 0.005, 0.005, 0.004, 0.004, 0.004, 0.004, 0.004, 0.004, 0.004, 0.004, 0.004, 0.004, 0.004, 0.003, 0.003, 0.003, 0.003, 0.003, 0.003, 0.003, 0.003, 0.003, 0.003, 0.003, 0.003, 0.003, 0.003, 0.003, 0.003, 0.003, 0.003, 0.003, 0.003, 0.002, 0.002, 0.002, 0.002, 0.002, 0.002, 0.002, 0.002, 0.002]}, {"words": ["studi", "pineappl", "use", "test", "juic", "food", "fruit", "effect", "result", "product", "extract", "children", "can", "patient", "present", "properti", "includ", "acid", "level", "appl", "milk", "treatment", "strain", "process", "show", "lactobacillu", "identif", "potenti", "contain", "howev", "mother", "plant", "well", "differ", "diseas", "item", "suggest", "patulin", "produc", "identifi", "marin", "perform", "meat", "addit", "may", "ss16", "cough", "breast", "speci", "age"], "weights": [0.012, 0.009, 0.009, 0.007, 0.006, 0.006, 0.006, 0.005, 0.005, 0.005, 0.004, 0.004, 0.004, 0.004, 0.004, 0.003, 0.003, 0.003, 0.003, 0.003, 0.003, 0.003, 0.003, 0.003, 0.003, 0.003, 0.003, 0.003, 0.002, 0.002, 0.002, 0.002, 0.002, 0.002, 0.002, 0.002, 0.002, 0.002, 0.002, 0.002, 0.002, 0.002, 0.002, 0.002, 0.002, 0.002, 0.002, 0.002, 0.002, 0.002]}, {"words": ["cell", "studi", "fruit", "structur", "prime", "pineappl", "effect", "sentenc", "activ", "use", "express", "result", "process", "condit", "product", "bromelain", "enzym", "syntact", "orient", "acid", "comprehens", "may", "gene", "lexic", "particip", "show", "also", "one", "can", "divis", "respons", "model", "speci", "word", "differ", "inflammatori", "anthocyanin", "protein", "present", "expect", "inhibit", "plant", "compar", "citru", "substrat", "found", "role", "neighbor", "increas", "signal"], "weights": [0.016, 0.009, 0.008, 0.008, 0.008, 0.007, 0.007, 0.006, 0.006, 0.006, 0.005, 0.005, 0.005, 0.005, 0.005, 0.005, 0.004, 0.004, 0.004, 0.004, 0.004, 0.003, 0.003, 0.003, 0.003, 0.003, 0.003, 0.003, 0.003, 0.003, 0.003, 0.003, 0.003, 0.003, 0.003, 0.003, 0.003, 0.003, 0.003, 0.003, 0.003, 0.003, 0.003, 0.003, 0.003, 0.003, 0.003, 0.003, 0.003, 0.002]}]}